"","ntax","nsites","pars_inf_count","pars_inf_fraction","bionj","upgma","jc","gtrig","gtrig100","gtrig250"
"1",11,657,118,17.96,"((((((Sp6:0,Sp7:0):0.06453148276,(Sp8:0.08949211985,(Sp9:0.05518954247,Sp10:0.05722600967):0.01588813215):0.023272058):0.007899885997,Sp5:0.06272729486):0.02369377576,Sp4:0.01677330397):0.01273051649,Sp3:0.01556180418):0.005952569656,Sp2:0.008215767331,(Sp0:0.003045103047,Sp1:8.341507055e-06):0.004055768251);","(Sp6:28.8,((Sp7:16,(Sp9:12,Sp8:12):4):10.85714286,(Sp10:20,(Sp5:20,(Sp4:20,(Sp3:14.66666667,(Sp2:12,(Sp1:12,Sp0:12):0):2.666666667):5.333333333):0):0):6.857142857):1.942857143);","(Sp9:0.07038434,Sp10:0.05881233,(Sp8:0.115805,(Sp5:0.07038186,(Sp7:0.08932232,(Sp4:0.01253953,(Sp3:0.01632657,(Sp2:0.00898725,(Sp1:0,Sp0:0.00306142)0.985772:0.0034414)0.977867:0.00672438)1.000000:0.01969526)0.999995:0.0267443)0.587313:0.01184748)0.999990:0.04185159)0.996584:0.03126524);","(Sp10:0.06729172,Sp9:0.08575023,(Sp8:0.14432865,(Sp5:0.07882803,(Sp7:0.1114659,(Sp4:0.01229834,(Sp3:0.01685901,(Sp2:0.00918466,(Sp0:0.00300892,Sp1:0)0.987320:0.00337278)0.984796:0.00643583)1.000000:0.02180554)0.998586:0.02809028)0.812147:0.01621988)0.999457:0.04642439)0.999674:0.04591744);","(Sp10:0.01369498,Sp9:0.10443977,((Sp7:0.22219,Sp5:0.09810907)0.409128:0.04420928,(Sp4:1e-08,(Sp2:1e-08,(Sp3:0.02229412,(Sp8:0.13761421,Sp1:0.01085527)0.473775:0.01410403)0.926338:0.02392344)0.596614:0.04442007)0.647020:0.05114881)0.911176:0.15584454);","(Sp10:0.05611915,Sp9:0.07074542,(Sp8:0.10531629,(Sp5:0.06892439,(Sp7:0.10239079,(Sp4:0.00672471,(Sp3:0.02106557,(Sp2:0.00400962,(Sp1:0,Sp0:0.01217853)0.943823:0.00403078)0.943948:0.00799891)0.986374:0.01110884)0.999377:0.03727253)0.365787:0.00692205)0.967578:0.0480405)0.979297:0.04155144);"
"2",11,100,21,21,"((((((Sp6:0,Sp7:0):0.0839445591,(Sp9:0.03682624549,Sp10:0.04879070073):0.05755759776):0.01506023854,Sp5:0.08996661752):0.0159243159,Sp4:0.02594508603):0.0121769337,Sp2:0.009733694606):0.01027035248,Sp8:0.08618121315,(Sp3:0.02080856264,(Sp0:0,Sp1:0):0.02052745968):0.002186740749);","(Sp10:43.2,((Sp1:20,(Sp3:16,(Sp0:12,Sp2:12):4):4):10,(Sp6:28,(Sp7:26,((Sp4:12,Sp5:12):6,(Sp9:12,Sp8:12):6):8):2):2):13.2);","(Sp9:0.05739233,Sp10:0.0412057,(((Sp4:0.0087527,Sp5:0.11975191)0.873831:0.0244276,(Sp2:1e-08,(Sp3:0.02253688,Sp1:0.02237146)0.964467:0.02241583)0.742430:0.01153593)0.748935:0.03250182,(Sp8:0.06553794,Sp7:0.12773368)0.460674:0.02487784)0.999747:0.10045755);","(Sp9:0.14451797,Sp10:1e-08,((Sp7:0.25120136,Sp5:0.18237722)0.430409:0.07686521,(Sp8:0.13141012,(Sp4:0.02015504,(Sp2:1e-08,(Sp3:0.02414563,Sp1:0.02616297)0.941373:0.0266501)0.662962:0.0278636)0.518501:0.0452288)0.393103:0.03121171)0.904761:0.19658641);","(Sp9:0.06483183,Sp10:1e-08,(Sp5:0.05278032,((Sp8:0.21305032,Sp7:0.31842718)0.363622:0.03321501,(Sp4:1e-08,(Sp2:1e-08,(Sp3:0.06970797,Sp1:0.02749328)0.869137:0.02408978)0.999642:0.06132367)0.816361:0.03238055)0.908198:0.03569287)0.995496:0.12817612);","(Sp10:0.00345013,(Sp9:1e-08,Sp7:0.58367039)0.909963:0.08877374,(Sp5:0.86061647,(Sp4:1e-08,(Sp2:1e-08,(Sp3:0.03042012,(Sp1:0.0124767,Sp8:0.15151259)0.663497:0.00610622)0.991314:0.01746641)0.622970:0.02031804)0.976010:0.22420279)0.351715:0.0477117);"
"3",11,250,44,17.6,"((((((Sp6:0,Sp7:0):0.06783371419,(Sp8:0.07665125281,(Sp9:0.05447481945,Sp10:0.04978415743):0.01469125412):0.03248507529):0.004328399897,Sp5:0.05477246642):0.02945632488,Sp4:0.01013474539):0.006336255465,Sp3:0.02104094066):0.00802703714,Sp2:0.004124790896,(Sp0:0.01219104975,Sp1:-4.470348358e-05):0.003964245785);","((Sp1:12,Sp10:12):13.77777778,(Sp8:21,((Sp6:12,(Sp0:12,Sp7:12):0):6.933333333,(Sp9:18,(Sp4:17.33333333,(Sp5:12,(Sp2:12,Sp3:12):0):5.333333333):0.6666666667):0.9333333333):2.066666667):4.777777778);","(Sp9:0.06764397,Sp10:0.04899739,(Sp8:0.0982831,(Sp7:0.08471802,(Sp5:0.0684793,(Sp4:0.00500425,(Sp3:0.02138682,(Sp2:0.00408217,(Sp1:0,Sp0:0.01235651)0.913365:0.00407609)0.949409:0.00815865)0.986796:0.01192696)0.999989:0.03449686)0.000000:1e-08)0.998935:0.0561963)0.902787:0.02856505);","(Sp9:0.07074541,Sp10:0.05611915,(Sp8:0.10531628,(Sp5:0.06892439,(Sp7:0.10239079,(Sp4:0.00672471,(Sp3:0.02106557,(Sp2:0.00400962,(Sp0:0.01217853,Sp1:0)0.943823:0.00403078)0.943948:0.00799891)0.986374:0.01110884)0.999377:0.03727253)0.365787:0.00692205)0.967578:0.0480405)0.979297:0.04155144);","(Sp10:0.12124167,Sp9:0.09324424,(Sp8:0.01885592,(Sp5:0.04488969,((Sp3:1e-08,Sp1:0.00981768)0.999735:0.02989876,(Sp7:0.08893342,Sp4:0.00993942)0.571908:0.00998405)0.000000:1e-08)0.997800:0.08062224)0.922660:0.06019808);","(Sp10:0.05714731,Sp9:0.0508138,(Sp8:0.07430553,(Sp5:0.06108262,(Sp7:0.13473707,(Sp4:0.01243781,(Sp3:0.01220184,(Sp2:0,Sp0:0.00389902)0.994345:0.01239356)0.794887:0.00572292)0.907953:0.02688153)0.360473:0.0052474)0.992282:0.04670994)0.993201:0.03855844);"
"4",12,918,344,37.47,"((((Sp6:0.00257815537,Sp7:0.002893249271):0.1333091706,Sp5:0.113715589):0.01445674337,(Sp8:0.1533550322,((Sp10:0.08314777166,Sp9:0.08058511466):0.01245567203,Sp11:0.1278814077):0.05223492533):0.05322683603):0.08832351491,(Sp3:0.0188338533,Sp4:0.02614919096):0.01236896589,((Sp0:0.008939546533,Sp1:0.01319639105):0.01296100952,Sp2:0.01803084649):0.007650416344);","((Sp10:12,Sp8:12):25.2,((Sp7:12,Sp6:12):24,(Sp9:31.42857143,((Sp11:12,(Sp3:12,Sp5:12):0):12.66666667,((Sp2:12,Sp0:12):8,(Sp1:12,Sp4:12):8):4.666666667):6.761904762):4.571428571):1.2);","(Sp7:0.00527714,Sp6:1e-08,(Sp5:0.13567908,((Sp8:0.19829617,(Sp11:0.15985605,(Sp10:0.10279009,Sp9:0.07817983)0.773196:0.02027711)1.000000:0.10707703)1.000000:0.13610089,(Sp2:0.00500995,((Sp0:0.00792989,Sp1:0.01389299)1.000000:0.01483591,(Sp4:0.02606482,Sp3:0.01912075)1.000000:0.02176758)0.921382:0.01079893)1.000000:0.12740177)0.732493:0.03995874)1.000000:0.17377264);","(Sp6:1e-08,Sp7:0.00537243,((Sp8:0.24498746,(Sp11:0.18892357,(Sp9:0.09247228,Sp10:0.11514153)0.670172:0.02175778)1.000000:0.14470356)1.000000:0.16831724,(Sp5:0.16807491,(Sp2:0.00472339,((Sp0:0.00861263,Sp1:0.01424754)1.000000:0.0154564,(Sp3:0.01969986,Sp4:0.02774375)1.000000:0.02309936)0.953733:0.01168342)1.000000:0.16714063)0.851856:0.04575782)1.000000:0.18366854);","(Sp6:1e-08,Sp5:0.19334816,(Sp7:1e-08,(Sp8:0.22163177,(Sp2:1e-08,((Sp3:0.01025277,(Sp4:0.01004648,(Sp10:0.02271785,(Sp9:0.04667644,Sp11:0.11809239)0.453137:0.03075852)1.000000:0.17115519)0.000000:1e-08)0.902707:0.01034831,(Sp0:1e-08,Sp1:0.01027407)0.000000:1e-08)0.955388:0.04606709)0.782172:0.11678866)0.706033:0.13607478)0.414497:0.01030175);","(Sp6:1e-08,Sp7:0.0039453,((Sp8:0.26486316,(Sp11:0.18411637,(Sp9:0.04740033,Sp10:0.17545138)0.499638:0.03523041)0.966972:0.1215727)0.987517:0.13317325,(Sp5:0.06620278,(Sp2:0.0097497,((Sp3:0.02831023,Sp4:0.03124672)0.999955:0.030374,(Sp1:0.02604614,Sp0:0.01221416)0.988060:0.0186034)0.881765:0.01852628)1.000000:0.17043398)0.954003:0.07094087)0.998207:0.13923169);"
"5",12,100,29,29,"((((((Sp6:0.009555786848,Sp7:0.0005455669016):0.04910897464,Sp5:0.1053641364):0.05682496727,Sp8:0.1061808914):0.0299981758,(Sp10:0.03997383267,(Sp9:0.02764829248,Sp11:0.1040523574):0.02439120412):0.07358603925):0.04045294225,Sp2:0.02663815022):0.01543115452,(Sp3:0.010517627,Sp4:0.009762654081):0.008268579841,(Sp0:0.0001802425832,Sp1:0.009895602241):0.001729745418);","((Sp4:20,Sp8:20):17.6,(Sp6:33.33333333,(Sp7:33,(Sp3:30.28571429,((Sp2:12,Sp1:12):12,((Sp9:12,(Sp0:12,Sp11:12):0):10.66666667,(Sp5:12,Sp10:12):10.66666667):1.333333333):6.285714286):2.714285714):0.3333333333):4.266666667);","(Sp7:0.00978382,Sp6:1e-08,(Sp5:0.11282099,(Sp8:0.10722917,(Sp4:1e-08,(Sp3:0.00981197,((Sp10:0.0238627,(Sp9:0.04057987,Sp11:0.09944037)0.708317:0.03200345)1.000000:0.15194178,(Sp2:0.04138318,(Sp1:0.00980146,Sp0:1e-08)0.000000:1e-08)0.628964:0.00980507)0.000000:1e-08)0.887846:0.00978491)0.981061:0.11489947)0.956028:0.10875162)0.615066:0.05174479);","(Sp6:1e-08,Sp5:0.1933481,(Sp7:1e-08,(Sp8:0.22163157,(Sp2:1e-08,((Sp3:0.01025275,(Sp4:0.01004647,(Sp10:0.02271792,(Sp9:0.04667638,Sp11:0.1180924)0.453136:0.03075855)1.000000:0.17115513)0.000000:1e-08)0.902707:0.01034829,(Sp1:0.01027403,Sp0:1e-08)0.000000:1e-08)0.955388:0.04606701)0.782174:0.11678856)0.706032:0.13607475)0.414497:0.01030177);","(Sp10:0.06624536,Sp11:0.1009894,(Sp9:0,((Sp2:1e-08,(Sp8:0.21199623,(Sp5:0.10898724,Sp7:0.07421858)0.966601:0.19215517)0.665448:0.14676004)0.926162:0.02908921,((Sp4:0.00874277,Sp3:0)0.979370:0.00890668,(Sp1:0.02847997,Sp0:0)0.000000:1e-08)0.379013:0.00957287)1.000000:0.19092359)0.466039:0.01878108);","(Sp7:0.0353891,Sp5:0.14154521,(Sp8:0.11609994,(Sp2:1e-08,(((Sp9:0.05744993,(Sp10:0.05432587,Sp11:0.09801093)0.429536:0.01192496)1.000000:0.12012307,(Sp3:0.0207557,Sp4:0.00800291)0.000000:1e-08)0.970955:0.01643015,(Sp0:1e-08,Sp1:0.01215612)0.000000:0)1.000000:0.04015486)0.999956:0.07619264)0.999889:0.09712209);"
"6",12,250,103,41.2,"((((Sp6:0.00147223298,Sp7:0.00254385313):0.1410683841,Sp5:0.06486482918):0.03452757746,(Sp8:0.1931531429,((Sp10:0.09888216853,Sp9:0.087215662):0.03148815036,Sp11:0.139852941):0.04685019702):0.06162153929):0.0890522413,(Sp3:0.02554714493,Sp4:0.03291380405):0.02181911841,((Sp0:0.01312018931,Sp1:0.02382516488):0.02136133611,Sp2:0.02512285113):0.006421040744);","(((Sp7:12,Sp6:12):19.2,((Sp3:16,(Sp0:12,Sp4:12):4):12,(Sp2:20,Sp1:20):8):3.2):10.28571429,(Sp8:34,((Sp9:12,Sp10:12):16,(Sp5:20,Sp11:20):8):6):7.485714286);","(Sp7:0.0037544,Sp6:1e-08,((Sp8:0.2771387,(Sp11:0.16582575,(Sp9:0.0406163,Sp10:0.16586902)0.827908:0.04594027)0.956222:0.10902025)0.995368:0.13233003,(Sp5:0.05695224,(Sp2:0.01281983,((Sp4:0.03082901,Sp3:0.02540058)0.999978:0.02822904,(Sp1:0.02444267,Sp0:0.01098398)0.997432:0.01752377)0.827675:0.0145998)1.000000:0.16517122)0.844401:0.05080296)0.999926:0.13215861);","(Sp6:1e-08,Sp7:0.00394575,((Sp8:0.26482728,(Sp11:0.18417597,(Sp9:0.04737545,Sp10:0.17548132)0.499581:0.03518987)0.966999:0.12160418)0.987514:0.13322764,(Sp5:0.06624378,(Sp2:0.0097575,((Sp4:0.0312881,Sp3:0.02838674)0.999955:0.03037594,(Sp0:0.01221633,Sp1:0.02604393)0.988073:0.0185965)0.881760:0.0185164)1.000000:0.17043355)0.953983:0.07076309)0.998210:0.13901304);","((Sp11:0.16097551,(Sp9:1e-08,(Sp10:0.12534403,Sp8:0.33343477)0.378353:0.04641977)0.987980:0.16533246)0.995065:0.21255688,(Sp5:0.00860582,(Sp2:0.01876264,((Sp0:1e-08,Sp1:0.0317768)0.990937:0.03190755,(Sp3:0.02096327,Sp4:0.01997447)0.932427:0.02165236)0.729457:0.02367862)0.999922:0.15552867)0.982631:0.13947505,(Sp7:0.00998465,Sp6:1e-08)0.526143:0.08573657);","(Sp7:0.00397018,Sp6:1e-08,((Sp8:0.3653648,(Sp11:0.15522184,(Sp10:0.22484694,Sp9:0.03458031)0.669373:0.0498967)0.749511:0.10587103)0.999056:0.18073214,(Sp5:0.0665703,(Sp2:0.00631376,((Sp0:0.01144576,Sp1:0.03228991)0.999998:0.04288464,(Sp4:0.040417,Sp3:0.04384112)0.999646:0.03376008)0.898097:0.01842314)1.000000:0.16029275)0.531049:0.02594272)0.999996:0.15846915);"
"7",12,3117,1123,36.03,"((((((Sp10:0.09328835458,Sp11:0.1121324524):0.005213242024,Sp9:0.1187892258):0.09424522519,Sp5:0.1562745869):0.03599769995,(Sp7:0.003777305363,(Sp6:0.007132260129,Sp8:0.003861723468):0.003637728514):0.1014826745):0.09188412875,(Sp0:0.01367599517,Sp1:0.0314053297):0.008091144264):0.02044553403,Sp4:0.01301319059,(Sp2:0.009481506422,Sp3:0.007739217952):0.00354904402);","((Sp3:36,Sp2:36):16,(Sp4:36,((Sp1:20,(Sp8:12,Sp6:12):8):9.333333333,((Sp10:12,(Sp7:12,Sp11:12):0):10.66666667,(Sp9:16,(Sp0:12,Sp5:12):4):6.666666667):6.666666667):6.666666667):16);","(Sp10:0.09830852,Sp9:0.1493482,(Sp11:0.12397975,(Sp5:0.19285184,((Sp7:0.00028353,(Sp8:0.00476024,Sp6:0.00605)1.000000:0.00673474)1.000000:0.11424225,((Sp0:0.01253274,Sp1:0.03270107)0.984448:0.00748129,(Sp4:0.01338987,(Sp3:0.00781397,Sp2:0.00952877)0.999961:0.00324239)1.000000:0.02392701)1.000000:0.12427095)1.000000:0.07402287)1.000000:0.17957684)0.651722:0.01736195);","(Sp10:0.10482483,Sp11:0.14440465,(Sp9:0.14853989,(Sp5:0.21235944,((Sp7:5e-08,(Sp8:0.00480487,Sp6:0.00609187)1.000000:0.00710656)1.000000:0.11870987,((Sp0:0.01247832,Sp1:0.03336991)0.999615:0.00863897,(Sp4:0.0136226,(Sp3:0.00787093,Sp2:0.00962368)0.999890:0.00302015)1.000000:0.02347661)1.000000:0.13137487)1.000000:0.08160797)1.000000:0.19862516)0.714866:0.01683625);","(Sp8:0.01028832,Sp7:1e-08,((Sp5:0.20818098,(Sp9:0.1286168,(Sp11:0.10225544,Sp10:0.02263575)0.831275:0.0786473)0.998332:0.15812448)0.655989:0.0720194,(Sp0:0.01972754,(Sp1:0.03207688,(Sp4:1e-08,(Sp3:0.0001644,Sp2:0.01005363)0.986907:0.02007299)0.999999:0.0444025)0.000000:1e-08)0.767500:0.07524049)0.999709:0.1826673);","(Sp10:0.07243951,Sp9:0.1903804,(Sp11:0.17196072,(Sp5:0.17469844,((Sp8:0.00162738,Sp6:0.01036732)0.999943:0.13139994,(Sp3:0.0008943,(Sp2:1e-08,(Sp4:0.02036945,(Sp0:1e-08,Sp1:0.04158002)0.999999:0.02054585)0.626177:0.00364999)0.884933:0.007021)0.997665:0.09566073)0.977806:0.10722473)1.000000:0.24479032)0.636737:0.05693183);"
"8",12,100,39,39,"(((((Sp10:0.03907874972,Sp11:0.06829103827):0.05263474956,Sp9:0.1073043197):0.0823642388,Sp5:0.1424611211):0.03582706302,(Sp7:0.003647048026,(Sp6:0,Sp8:0):0.006428796798):0.131085813):0.09657642432,Sp0:0.01672491245,(Sp1:0.03273015842,(Sp4:0.0001308377832,(Sp2:0.004442553967,Sp3:0.005633290857):0.01519673597):0.04068198428):0.003796970472);","((Sp2:36,Sp4:36):17.6,(Sp6:49.33333333,((Sp10:20,(Sp3:20,Sp11:20):0):17.77777778,(Sp8:28,((Sp5:12,(Sp1:12,Sp0:12):0):6.666666667,(Sp7:12,Sp9:12):6.666666667):9.333333333):9.777777778):11.55555556):4.266666667);","(Sp8:0.01002635,Sp7:1e-08,((Sp5:0.16409859,(Sp9:0.0976029,(Sp11:0.08254454,Sp10:0.03040261)0.931464:0.08542062)0.998941:0.13275564)0.658771:0.06037797,(Sp0:0.02036628,(Sp1:0.03097074,(Sp4:1e-08,(Sp3:0.00565195,Sp2:0.00565511)0.983695:0.0189953)0.999999:0.04152249)0.000000:1e-08)0.977557:0.09425032)0.999843:0.15248067);","(Sp8:0.01028833,Sp7:1e-08,((Sp5:0.20818274,(Sp9:0.12861759,(Sp11:0.10225608,Sp10:0.02263558)0.831265:0.07864685)0.998332:0.15812527)0.656004:0.0720208,(Sp0:0.01972758,(Sp1:0.03207692,(Sp4:1e-08,(Sp2:0.01005377,Sp3:0.00015867)0.986504:0.02008602)0.999999:0.04440269)0.000000:1e-08)0.767489:0.07524095)0.999709:0.18266843);","(Sp11:0.11298518,Sp10:1e-08,(Sp9:0.12752699,(Sp0:1e-08,(Sp1:0.01988498,(Sp8:0.21823605,(Sp5:0.25378792,(Sp3:0.02129416,Sp4:0)0.756708:0.03110982)0.776205:0.03376376)0.000000:1e-08)0.657809:0.01040173)1.000000:0.18646786)0.356025:0.01252946);","(Sp7:1e-08,Sp8:0.00861054,((Sp5:0.35897308,(Sp9:0.26883146,(Sp10:0.02330714,Sp11:0.23626232)0.511681:0.04766565)0.999995:0.26655195)0.891153:0.10038562,(Sp0:0.02253223,(Sp1:0.02639562,(Sp4:1e-08,(Sp2:0.03108227,Sp3:1e-08)0.999265:0.03380505)1.000000:0.0399203)0.000000:1e-08)0.789057:0.06637498)1.000000:0.28732686);"
"9",12,250,94,37.6,"(((((Sp10:0.08483986557,Sp9:0.1333950013):0.01839824766,Sp11:0.1351201534):0.1057684049,Sp5:0.1313596368):0.05465800315,((Sp7:0,Sp8:0):0.002773868619,Sp6:0.00937247742):0.1090570614):0.07180552557,(Sp0:0.003450658172,Sp1:0.03783374652):0.01344200596,(Sp4:0.01905299909,(Sp2:0.002136625815,Sp3:0.005907707382):0.004423959181):0.003535296768);","(Sp3:68,(Sp2:60,((Sp7:20,Sp5:20):9,(Sp10:23.42857143,(Sp11:21.33333333,((Sp6:12,Sp9:12):8,(Sp4:20,(Sp8:12,(Sp1:12,Sp0:12):0):8):0):1.333333333):2.095238095):5.571428571):31):8);","(Sp9:0.18397769,Sp10:0.0652988,(Sp11:0.15273851,(Sp5:0.14494195,((Sp8:0.00266664,Sp6:0.00927565)0.999999:0.13835061,(Sp3:1e-08,(Sp2:1e-08,(Sp4:0.02058397,(Sp1:0.04182908,Sp0:1e-08)1.000000:0.02060066)0.655579:0.00370717)0.834458:0.00793466)0.996726:0.08136061)0.993636:0.11247781)1.000000:0.21431798)0.753641:0.05997522);","(Sp10:0.07243951,Sp9:0.1903804,(Sp11:0.17196072,(Sp5:0.17469844,((Sp8:0.00162738,Sp6:0.01036732)0.999943:0.13139994,(Sp3:0.0008943,(Sp2:1e-08,(Sp4:0.02036945,(Sp0:1e-08,Sp1:0.04158002)0.999999:0.02054585)0.626177:0.00364999)0.884933:0.007021)0.997665:0.09566073)0.977806:0.10722473)1.000000:0.24479031)0.636737:0.05693183);","(Sp9:0.15443198,Sp10:0.01822085,(Sp11:1e-08,(Sp1:1e-08,(Sp0:1e-08,((Sp5:0.19562697,(Sp6:1e-08,Sp8:0.00960212)0.883703:0.11816924)0.591422:0.06571384,(Sp3:0.0100603,Sp4:0.00978943)0.000000:0.00080143)0.626383:0.02956743)0.507417:0.00972178)1.000000:0.32472192)0.957203:0.11092314);","(Sp10:0.05127996,Sp9:0.16966753,(Sp11:0.24740093,(Sp5:0.01697141,(Sp4:1e-08,(Sp3:0.00375215,((Sp6:0.00484046,Sp8:0.00293875)1.000000:0.14938336,(Sp1:0.02379138,Sp0:1e-08)0.961531:0.01382016)0.656410:0.00587181)0.890597:0.01168718)0.999999:0.25208021)1.000000:0.2995765)0.619844:0.06197413);"
"10",9,1893,809,42.74,"(((Sp6:0.0765266344,Sp7:0.08301564306):0.02996439114,Sp8:0.131205231):0.188092649,Sp5:0.2323462963,((((Sp0:0.03223750368,Sp1:0.02610623464):0.01273269951,Sp2:0.03928376734):0.08754429221,Sp3:0.155527398):0.03641690314,Sp4:0.13560839):0.02599027753);","((Sp4:36,Sp3:36):29.71428571,(Sp0:57.33333333,(Sp5:36,(Sp1:36,((Sp2:12,Sp7:12):16,(Sp8:12,Sp6:12):16):8):0):21.33333333):8.380952381);","(Sp7:0.09577711,Sp6:0.07382414,(Sp8:0.15758391,(Sp5:0.32593975,(Sp4:0.13312275,(Sp3:0.19706367,(Sp2:0.03582852,(Sp1:0.02951645,Sp0:0.03016825)1.000000:0.01875694)1.000000:0.09635014)1.000000:0.08307985)0.810773:0.04492846)1.000000:0.33888468)0.935629:0.0270266);","(Sp7:0.10347955,Sp6:0.07654294,(Sp8:0.17488491,(Sp5:0.36582222,(Sp4:0.14161727,(Sp3:0.21548674,(Sp2:0.03896565,(Sp1:0.03039781,Sp0:0.03157158)0.999891:0.01719634)1.000000:0.10175887)1.000000:0.10289008)0.672547:0.04695842)1.000000:0.42478286)0.526212:0.01942799);","(Sp7:0.01227988,Sp8:0.17859821,(Sp6:0.14113865,(Sp5:0.2507883,(Sp4:0.21779751,(Sp2:0.05194066,(Sp0:0.01934601,(Sp3:0.43732733,Sp1:1e-08)0.980635:0.04192391)0.892517:0.04763114)0.991295:0.12605163)0.485620:0.04017735)0.979292:0.11430921)0.501714:0.04337924);","(Sp6:0.09239183,Sp7:0.07979084,(Sp8:0.1484469,(Sp4:0.09313138,(Sp5:0.42390858,(Sp3:0.24253405,(Sp2:0.01936509,(Sp0:0.01610464,Sp1:0.03678711)0.998068:0.03381145)0.999340:0.09978363)0.647093:0.0388509)0.725306:0.06666931)1.000000:0.47815532)0.493282:0.0618731);"
"11",12,2526,935,37.02,"((((Sp6:0.0009408725309,Sp7:0.001438666601):0.1207317114,(Sp8:0.1582563818,((Sp9:0.07925921679,Sp10:0.09524583817):0.0179329738,Sp11:0.1150856242):0.06495970488):0.007041413337):0.02874938399,Sp5:0.1220529005):0.09952642489,((Sp2:0.001988830278,Sp3:0.004779847339):0.01218840107,Sp4:0.01875069365):0.02216615807,(Sp0:0.03100525215,Sp1:0.03418884054):0.006683419459);","((Sp6:31.2,(Sp8:22,(Sp9:17.33333333,(Sp10:16,(Sp5:12,Sp11:12):4):1.333333333):4.666666667):9.2):6.133333333,((Sp7:30.66666667,(Sp2:12,(Sp4:12,Sp3:12):0):18.66666667):5.333333333,(Sp1:36,Sp0:36):0):1.333333333);","(Sp6:0.00051457,Sp7:0.00174689,((Sp8:0.2147383,(Sp11:0.13881395,(Sp10:0.11515834,Sp9:0.07922659)0.999999:0.03443136)1.000000:0.14074601)0.995484:0.04411032,(Sp5:0.13733491,((Sp4:0.01891237,(Sp3:0.00479962,Sp2:0.00170515)1.000000:0.0111953)1.000000:0.02217495,(Sp1:0.03496233,Sp0:0.03052429)0.918540:0.00832247)1.000000:0.15467296)1.000000:0.08148656)1.000000:0.12856979);","(Sp6:0.00090961,Sp7:0.00142012,((Sp8:0.26830145,(Sp11:0.17437092,(Sp9:0.0917298,Sp10:0.13438052)0.991508:0.03224344)1.000000:0.19116757)0.999813:0.06227684,(Sp5:0.17038053,((Sp4:0.02029188,(Sp3:0.00482088,Sp2:0.00193349)1.000000:0.01128744)1.000000:0.02501342,(Sp0:0.03282353,Sp1:0.0366141)0.888164:0.00831215)1.000000:0.18165742)1.000000:0.11319955)1.000000:0.15590958);","(Sp2:1e-08,Sp3:0.0179218,(Sp4:0.02466071,(Sp0:0.0213845,(Sp1:0.02061173,(Sp5:0.12974477,((Sp8:0.27784562,Sp7:0.06605133)0.595594:0.04353962,(Sp10:0.12194891,(Sp11:0.10042645,Sp9:0.05094132)0.000000:1e-08)0.849411:0.05850104)0.998689:0.14433573)0.944349:0.09860727)0.547371:0.01713024)0.992377:0.02980389)0.768967:0.01228738);","(Sp10:0.1844658,Sp9:0.07381047,(Sp11:0.09546473,(Sp8:0.065164,(Sp7:0.20727192,(Sp5:0.16419685,(Sp4:0.01863214,((Sp0:0.01226531,Sp1:0.02886399)0.997648:0.01556243,(Sp2:1e-08,Sp3:0.00379867)0.000000:1e-08)0.521576:0.00927506)0.999917:0.12545409)0.724152:0.06453237)0.999077:0.13802582)1.000000:0.22660075)0.634250:0.03998758);"
"12",31,1572,900,57.25,"(((((((Sp27:0.001103271148,Sp28:0.002085818909):0.09377390891,(((Sp22:0.0143013671,Sp23:0.01554689929):0.01766389236,(Sp24:0.02428427897,Sp25:0.03121844493):0.004160230048):0.06127481908,Sp26:0.1247353628):0.02123469859):0.02925990894,Sp30:0.1357703656):0.00734218955,Sp29:0.1444884092):0.1443644762,(((((((Sp11:0.004684451967,Sp12:0.007501380518):0.004599125125,Sp13:0.01507060137):0.003792729229,Sp14:0.01156332344):0.03892996907,(Sp16:0.003212388372,Sp17:0.005750210956):0.052061975):0.002695318311,Sp15:0.05046454817):0.04104251415,Sp18:0.09472324699):0.03041348979,(Sp20:0.08222717792,(Sp19:0.06695736945,Sp21:0.06487056613):0.006686381996):0.03440173343):0.1183337867):0.05548508093,((((Sp4:0.02418507263,(Sp2:0.02039798722,Sp3:0.02146358415):0.01065770909):0.002589817159,Sp5:0.03230835125):0.06793435663,Sp6:0.09205272049):0.00293282792,(Sp8:0.00246821437,Sp9:0.00585160125):0.0801936537):0.01320983097):0.005358032882,((Sp0:0.06334115565,Sp1:0.06565107405):0.01789974049,Sp7:0.09509837627):0.00180118531,Sp10:0.08476252109);","(Sp19:50.93333333,(Sp14:41.79310345,((Sp12:12,Sp11:12):18.96296296,(((Sp22:20,Sp27:20):7,((Sp28:16,(Sp24:12,Sp23:12):4):10.4,(Sp25:24,((Sp7:12,Sp29:12):8,(Sp15:12,Sp26:12):8):4):2.4):0.6):1.517647059,((Sp21:12,Sp30:12):15.2,(((Sp10:12,Sp20:12):8,(Sp17:12,Sp16:12):8):4.727272727,((Sp13:16,(Sp3:12,Sp18:12):4):6.333333333,(Sp0:17.71428571,(Sp1:17.33333333,(Sp4:12,(Sp2:12,(Sp5:12,(Sp6:12,(Sp9:12,Sp8:12):0):0):0):0):5.333333333):0.380952381):4.619047619):2.393939394):2.472727273):1.317647059):2.445315904):10.83014049):9.140229885);","(Sp27:1e-08,Sp28:0.00340796,((Sp26:0.18897354,(Sp25:0.0295024,(Sp24:0.02450041,(Sp23:0.01935353,Sp22:0.01375156)1.000000:0.02732877)0.978552:0.00948668)1.000000:0.07349738)1.000000:0.06635209,(Sp29:0.23095086,(Sp30:0.17414206,(((Sp20:0.10736191,(Sp21:0.07236621,Sp19:0.08724044)0.870239:0.01523077)1.000000:0.0642753,(Sp18:0.11635038,(Sp15:0.04914934,((Sp16:0.00022848,Sp17:0.00939405)1.000000:0.06071353,(Sp14:0.00340661,(Sp13:0.01978524,(Sp12:0.00309182,Sp11:0.01001622)0.497858:0.00153506)1.000000:0.01415375)1.000000:0.05162701)0.931788:0.01906305)1.000000:0.08274316)1.000000:0.05652757)1.000000:0.28859578,(((Sp9:0.00802607,Sp8:0.00090381)1.000000:0.1001237,(Sp6:0.1144345,(Sp4:0.01413854,(Sp5:0.03984278,(Sp2:0.0181543,Sp3:0.02858831)1.000000:0.01907645)0.939973:0.01163674)1.000000:0.11581172)0.999815:0.02334186)1.000000:0.03490698,((Sp0:0.0777969,Sp1:0.0797107)1.000000:0.0279683,(Sp7:0.12898542,Sp10:0.10308539)0.771833:0.01416249)0.673319:0.00428189)0.999990:0.07205108)1.000000:0.4237615)0.998289:0.04281123)1.000000:0.04678399)1.000000:0.11082973);","(Sp28:0.00367203,Sp27:1e-08,((Sp26:0.24948538,(Sp25:0.02858214,(Sp24:0.02665183,(Sp22:0.01486765,Sp23:0.02169363)1.000000:0.03078577)0.998228:0.01290204)1.000000:0.09249625)1.000000:0.09627533,(Sp29:0.32563806,(Sp30:0.21830115,(((Sp20:0.12562126,(Sp19:0.1123949,Sp21:0.08458121)0.726535:0.02135843)1.000000:0.09996063,(Sp18:0.14269446,(Sp15:0.05277965,((Sp16:0.00038058,Sp17:0.00993771)1.000000:0.0702295,(Sp14:0.00379163,(Sp13:0.02101995,(Sp11:0.01057514,Sp12:0.00347773)0.696615:0.00180885)1.000000:0.01524086)1.000000:0.06064431)0.998663:0.02409208)1.000000:0.10938007)0.999975:0.08719423)1.000000:0.65283454,(((Sp0:0.09489615,Sp1:0.0944755)1.000000:0.03135,((Sp9:0.00939869,Sp8:0.00013496)1.000000:0.12564287,(Sp6:0.14860351,(Sp4:0.01376358,(Sp5:0.04562578,(Sp2:0.01964285,Sp3:0.03170018)1.000000:0.02067497)0.992575:0.01299941)1.000000:0.14638566)0.999709:0.03001634)1.000000:0.04923408)0.347503:0.0018614,(Sp7:0.16985357,Sp10:0.12453704)0.755367:0.01470993)0.937348:0.10677795)1.000000:0.99328121)0.993405:0.07929047)1.000000:0.0808052)1.000000:0.14025499);","(Sp22:0,(Sp25:0.05377267,Sp24:0.02614734)0.997832:0.07312666,(Sp23:0,(Sp26:0.26619685,(Sp30:0.27888676,(Sp28:0,(Sp29:0.40539773,(((Sp17:1e-08,(Sp16:1e-08,((Sp15:0.03046969,Sp18:0.49878854)0.923034:0.07004159,(Sp13:1e-08,(Sp14:0.02010891,(Sp11:0.00936274,Sp12:0)0.000000:0)0.685452:0.00937483)0.986901:0.12410214)0.675912:0.05008789)0.453744:0.01037261)0.919528:0.23537425,(Sp19:0.09871984,(Sp21:0.14324984,Sp20:0.02193532)0.961776:0.18363412)0.797008:0.12165045)0.538344:0.15093649,(Sp9:0.10182286,((Sp10:0.08950728,(Sp1:0.16650943,(Sp0:0.05881897,Sp7:0.08613456)0.618192:0.0672194)0.852835:0.07432985)0.423466:0.02991422,(Sp6:0.12250864,(Sp3:0,(Sp2:0.03404655,(Sp5:0.04198333,Sp4:0)0.909723:0.0327166)0.946949:0.0362158)0.971838:0.10775443)0.823466:0.03777707)0.420595:0.02390007)0.797906:0.24550042)1.000000:1.22181968)0.381554:0.13349096)0.934287:0.083281)0.655965:0.06296515)0.990397:0.20882881)0.952874:0.04450287);","(Sp27:1e-08,Sp28:0.01409134,((Sp25:0.01039808,(Sp26:0.23132124,(Sp24:0.02609016,(Sp22:0.01387079,Sp23:0.03761725)0.999954:0.03393126)0.692129:0.01862481)0.613669:0.01902203)0.999780:0.10407968,(Sp29:0.20230737,(Sp30:0.14527365,(((Sp21:0.05442301,(Sp19:0.07176253,Sp20:0.10778593)0.726002:0.02862267)0.999501:0.11269589,(Sp18:0.08963445,(Sp11:1e-08,(Sp13:0.01827212,(Sp12:0.00440223,(Sp14:1e-08,(Sp15:0.0552209,(Sp16:1e-08,Sp17:0.00876097)0.976558:0.02544031)1.000000:0.05800696)0.947517:0.00441754)0.000000:1e-08)0.919013:0.00440125)1.000000:0.15189721)0.733768:0.0751984)1.000000:0.42526176,((Sp10:0.08811061,(Sp7:0.13669234,(Sp0:0.09412512,Sp1:0.05735607)0.387461:0.01096055)0.424693:0.01479584)0.582767:0.01940847,(Sp6:0.1659889,((Sp8:1e-08,Sp9:0.01777596)1.000000:0.09835609,(Sp5:0.03192108,(Sp4:0.01767123,(Sp3:0.01828684,Sp2:0.03263473)0.970316:0.01427476)0.384405:0.0070434)1.000000:0.09748027)0.613819:0.01688801)0.567128:0.02110827)0.368803:0.03979504)1.000000:0.71356837)0.950351:0.15433385)0.938293:0.06251511)0.999439:0.07721261);"
"13",28,1371,782,57.04,"(((Sp16:0.009150650352,Sp17:0.01007428393):0.1032364741,(Sp14:0.004947970621,Sp15:0.004603503272):0.06136401743):0.04800144956,(Sp18:0.120795846,((Sp25:0.08580367267,Sp26:0.1625322253):0.01113285497,Sp27:0.1296460927):0.02707709372):0.01248068735,(((((Sp19:0.0007780776941,Sp20:0.002145234961):0.02067591622,Sp21:0.0213987492):0.0104686562,(Sp22:0.02340961806,Sp23:0.01707133092):0.01476713456):0.06699428707,Sp24:0.09326957911):0.04078730941,(((((((Sp0:0.003807484871,Sp1:0.003523289924):0.0137572987,Sp2:0.01399862114):0.01422875375,Sp3:0.02024171501):0.06971056014,Sp4:0.1204630956):0.01711125672,(Sp5:0.003217854071,Sp6:0.004114680924):0.09382940829):0.03706285357,((Sp10:0.06672010571,Sp11:0.07926747948):0.03612818196,(Sp12:0.06470987946,Sp13:0.1180158183):0.02000784501):0.02467183582):0.03381013498,((Sp7:0.0483077392,Sp8:0.07064928114):0.04025347903,Sp9:0.07290752232):0.04407914355):0.1599222124):0.02054481581);","(Sp23:52.88888889,(Sp20:50.15384615,((Sp1:33.33333333,(Sp4:16,(Sp6:12,Sp5:12):4):17.33333333):9.212121212,((Sp9:12,Sp8:12):28,(((Sp18:12,Sp17:12):19,(Sp16:20,(Sp14:12,(Sp0:12,Sp15:12):0):8):11):4.238095238,((Sp19:12,(Sp22:12,Sp21:12):0):20.60606061,(((Sp11:12,(Sp7:12,Sp12:12):0):6.666666667,(Sp13:12,Sp10:12):6.666666667):11.73333333,((Sp27:12,Sp25:12):16,(Sp3:20,(Sp26:12,(Sp2:12,Sp24:12):0):8):8):2.4):2.206060606):2.632034632):4.761904762):2.545454545):7.608391608):2.735042735);","(Sp17:0.01351504,Sp16:0.00413368,((Sp15:0.00565428,Sp14:0.00305758)1.000000:0.03690459,((((Sp8:0.10081711,Sp7:0.01669135)1.000000:0.06094606,(Sp9:0.03930831,(((Sp6:0.00668912,Sp5:3e-08)1.000000:0.08420356,(Sp4:0.15197681,(Sp3:0.01665644,(Sp2:0.0139697,(Sp0:0.00060564,Sp1:0.0060776)1.000000:0.01146813)1.000000:0.01552026)1.000000:0.05660754)1.000000:0.0384533)1.000000:0.06076218,((Sp11:0.0877722,Sp10:0.05791197)1.000000:0.03434967,(Sp12:0.01916517,Sp13:0.17084134)1.000000:0.05941814)1.000000:0.03744735)1.000000:0.11118532)0.802664:0.0263767)1.000000:0.38541555,(Sp24:0.09328365,((Sp22:0.02288211,Sp23:0.01487883)0.999995:0.01193319,(Sp21:0.02771253,(Sp19:0.00064631,Sp20:0.00200967)1.000000:0.01170391)1.000000:0.01393157)1.000000:0.08299896)0.997947:0.03590905)1.000000:0.05792219,(Sp18:0.12575306,(Sp27:0.15266645,(Sp26:0.21563111,Sp25:0.06255017)0.999800:0.03486796)1.000000:0.05151245)0.999994:0.03383405)1.000000:0.06273046)1.000000:0.13479492);","(Sp17:0.01517096,Sp16:0.00430818,((Sp14:0.00344569,Sp15:0.00610626)1.000000:0.03705989,((((Sp7:0.01809629,Sp8:0.11328573)1.000000:0.07983508,(Sp9:0.03701535,(((Sp6:0.00730028,Sp5:1e-08)1.000000:0.09488914,(Sp4:0.17278904,(Sp3:0.02086456,(Sp2:0.01561472,(Sp1:0.00662551,Sp0:0.00066584)1.000000:0.01235272)0.999997:0.01454447)1.000000:0.06387715)1.000000:0.04689826)1.000000:0.07066416,((Sp10:0.06588746,Sp11:0.09698259)1.000000:0.04143358,(Sp13:0.19865715,Sp12:0.01674858)1.000000:0.07070334)1.000000:0.04324902)1.000000:0.13772431)0.584577:0.0265234)1.000000:0.47915725,(Sp24:0.10363954,((Sp23:0.01698376,Sp22:0.02460558)0.998056:0.01083681,(Sp21:0.03049729,(Sp20:0.00224942,Sp19:0.00065162)1.000000:0.01307428)1.000000:0.01758593)1.000000:0.09748356)0.974560:0.03654879)1.000000:0.07337125,(Sp18:0.14773005,(Sp27:0.17540695,(Sp25:0.06951929,Sp26:0.25419117)0.999418:0.03765004)1.000000:0.05898098)0.999994:0.03918704)1.000000:0.07855694)1.000000:0.16076974);","(Sp15:0.01021355,Sp14:1e-08,((Sp17:0.02866923,Sp16:0.00348309)0.953295:0.0890016,((Sp18:0.24493557,(Sp27:0.1135055,(((Sp21:0.04373787,Sp20:1e-08)0.631110:0.0236679,(Sp22:0.02006045,Sp23:0.01122252)0.680487:0.01990275)0.998653:0.13707794,(Sp24:0.02233126,(Sp8:0.08204132,(Sp7:0.01476696,(Sp9:1e-08,(((Sp13:0.22569703,Sp12:1e-08)0.908887:0.0706974,(Sp10:0.03723032,Sp11:0.07715698)0.909814:0.07551399)0.993243:0.10812794,((Sp2:0.03754942,(Sp6:0.02060068,Sp5:0)1.000000:0.12436012)0.343332:0.00363737,((Sp4:0.19979944,Sp3:1e-08)0.628136:0.02074589,(Sp0:0.01041653,Sp1:0.02098601)0.677477:0.01060602)0.869869:0.02294511)0.935329:0.08967936)0.999962:0.16495278)0.999993:0.14440613)0.469677:0.04755498)1.000000:0.50144488)0.828291:0.08297877)0.999989:0.18957949)0.827337:0.04737996)0.000000:1e-08,(Sp25:0.08387166,Sp26:0.21585841)0.531497:0.05041776)0.998302:0.09972251)0.985008:0.09000058);","(Sp16:0.01593453,Sp17:0.00867088,((Sp14:0.02457419,Sp15:0.00491854)0.532743:0.02714988,((Sp18:0.14763305,(Sp27:0.16541713,(Sp26:0.22897915,Sp25:0.04450287)0.939017:0.0693513)0.996451:0.08515756)0.914254:0.06009161,((Sp24:0.02651491,((Sp7:0.01868264,Sp8:0.09327877)0.413207:0.01018094,(Sp9:0.03810671,(((Sp5:0.00400292,Sp6:1e-08)1.000000:0.08408102,(Sp4:0.1859197,((Sp1:0.00840262,Sp0:0.00381519)0.999655:0.03036362,(Sp3:0.01604588,Sp2:0.01666997)0.000000:1e-08)0.925256:0.03963268)0.873863:0.04399681)0.999790:0.06376587,((Sp11:0.11192681,Sp10:0.04655148)0.999990:0.06723947,(Sp12:0.02679136,Sp13:0.20303956)0.912035:0.03672683)0.964021:0.04018343)1.000000:0.12365463)0.946201:0.06129158)1.000000:0.32037664)0.980419:0.06777577,(Sp23:0.01343089,(Sp22:0.02634161,(Sp21:0.02126539,(Sp19:0.0040393,Sp20:0)0.999791:0.01678247)0.999978:0.02534151)0.635893:0.00789217)0.999979:0.08171118)0.999826:0.06995734)0.999975:0.08123397)1.000000:0.20066405);"
"14",12,906,372,41.06,"((((Sp0:0.004027577583,Sp1:0.004859921057):0.1208895147,(Sp2:0.1624726057,((Sp9:0.1277924627,Sp10:0.1233625188):0.01666142792,Sp11:0.1121939942):0.09015333652):0.01412612572):0.03306724504,Sp8:0.123848781):0.09001212753,(((Sp5:0.01334463712,Sp6:0.01374239381):0.01085965149,Sp7:0.02012837306):0.02161410823,Sp3:0.02988697961):0.001969238743,Sp4:0.04323867522);","(Sp4:68,(((Sp7:12,Sp9:12):14,(Sp2:20,Sp1:20):6):8.857142857,((Sp10:12,(Sp3:12,Sp11:12):0):19.33333333,(Sp0:25.33333333,(Sp6:20,(Sp5:12,Sp8:12):8):5.333333333):6):3.523809524):33.14285714);","(Sp0:0.00219331,Sp1:0.00656615,((Sp2:0.20893364,(Sp11:0.11046526,(Sp10:0.17952694,Sp9:0.12231359)0.999175:0.04802499)1.000000:0.18603381)0.655210:0.02630087,(Sp8:0.14297227,(Sp4:0.03668537,(Sp3:0.02624778,(Sp7:0.01924416,(Sp5:0.01190543,Sp6:0.01479744)1.000000:0.01238191)1.000000:0.02855104)0.923483:0.01213388)1.000000:0.11654431)1.000000:0.07221912)1.000000:0.15268949);","(Sp0:0.00350262,Sp1:0.00550129,((Sp2:0.25213288,(Sp11:0.11701214,(Sp9:0.13527988,Sp10:0.20505556)0.997068:0.0599683)1.000000:0.24091907)0.605036:0.03323186,(Sp8:0.16877988,(Sp4:0.03870837,(Sp3:0.0265769,(Sp7:0.01988877,(Sp5:0.01214412,Sp6:0.01532466)1.000000:0.01286365)1.000000:0.03021215)0.891879:0.01379456)1.000000:0.14252136)0.999999:0.07982861)1.000000:0.18270884);","(Sp9:1e-08,Sp10:0.15382547,(Sp11:0.13313107,(Sp1:0.168514,(Sp2:0.12318875,(Sp8:0.13072147,(Sp4:0.01209243,(Sp3:0.04131224,(Sp7:1e-08,(Sp6:1e-08,Sp5:0.01050781)1.000000:0.057289)0.383296:0.00635028)0.538047:0.01557708)0.997271:0.13258578)0.644909:0.05571637)0.638293:0.07133286)0.999979:0.2281282)0.350931:0.01956545);","(Sp9:0.09206288,Sp10:0.18898512,(Sp11:0.07507048,(Sp2:0.131016,(Sp1:0.22953102,(Sp8:0.14480307,(Sp3:1e-08,(Sp4:0.04448614,(Sp7:0.02991627,(Sp5:0.00411635,Sp6:0.02058318)0.985027:0.01623681)0.998934:0.02263169)0.868589:0.02061774)1.000000:0.16849753)0.735924:0.03804157)0.719847:0.05117889)1.000000:0.27321657)0.936875:0.0680707);"
"15",12,765,265,34.64,"((((Sp6:0.001251041191,Sp7:0.002685987158):0.1355129778,(Sp8:0.1341710687,((Sp9:0.07319438457,Sp10:0.08916853368):0.03019291908,Sp11:0.09581322223):0.04341220483):0.008206143975):0.01970748976,Sp5:0.1015497297):0.09249822982,Sp4:0.02186982147,(((Sp0:0.004998107441,Sp1:0.0002581824083):0.00773977628,Sp2:0.00923283305):0.01659537107,Sp3:0.02424796671):0.005750229582);","(Sp3:68,((Sp0:12,Sp4:12):25.33333333,((Sp7:22,(Sp11:17.33333333,(Sp8:12,(Sp5:12,Sp10:12):0):5.333333333):4.666666667):8,(Sp6:25.33333333,(Sp9:20,(Sp2:20,Sp1:20):0):5.333333333):4.666666667):7.333333333):30.66666667);","(Sp7:0.00233444,Sp6:0.00151339,((Sp8:0.1682039,(Sp11:0.10380887,(Sp9:0.07539289,Sp10:0.10844717)0.999992:0.05243938)1.000000:0.08827725)0.987981:0.03799263,(Sp5:0.12303035,(Sp4:0.01125326,(Sp3:0.02667159,(Sp2:0.00876832,(Sp0:0.00514113,Sp1:1e-08)0.999994:0.00814845)1.000000:0.01612037)0.982066:0.01676544)1.000000:0.13638881)0.810367:0.02448589)1.000000:0.19765409);","(Sp6:1e-08,Sp7:0.00382524,((Sp8:0.18337313,(Sp11:0.12070732,(Sp10:0.11681527,Sp9:0.07976321)0.999923:0.05340529)1.000000:0.09491324)0.990021:0.04503797,(Sp5:0.13027425,(Sp4:0.01428285,(Sp3:0.02809254,(Sp2:0.00885649,(Sp0:0.00516537,Sp1:1e-08)0.999990:0.00821583)1.000000:0.01620604)0.965810:0.01460296)1.000000:0.1498115)0.939210:0.04112518)1.000000:0.20824976);","(Sp6:1e-08,Sp7:0.02039804,((Sp5:0.15727019,(Sp4:0.02430705,(Sp3:0.08396978,(Sp2:0,Sp1:0.0115586)0.526951:0.01186784)0.702729:0.02646452)0.614773:0.05887418)0.400387:0.04967169,(Sp8:0.10057144,(Sp11:1e-08,(Sp9:0.10443557,Sp10:0.11501207)0.976852:0.11459956)0.944625:0.14448068)0.742235:0.06792437)0.999973:0.27543492);","(Sp6:1e-08,Sp7:0.00811848,((Sp5:0.11379705,(Sp8:0.19823501,(Sp11:0.08904203,(Sp9:0.0384574,Sp10:0.09251055)0.952349:0.03983803)0.999988:0.12027516)0.931165:0.05926079)0.803620:0.03742396,(Sp4:0.00664881,(Sp2:0.01653787,(Sp1:1e-08,Sp3:0.03754472)0.762241:0.00799152)0.997108:0.02250594)0.999989:0.07164642)1.000000:0.17245196);"
